moi_SubhaloIDRaw,snapnum,p_acceleration,p_SubhaloIDRaw,s_SubhaloIDRaw,p_SubhaloMass,s_SubhaloMass,p_SubhaloPos,s_SubhaloPos,p_SubhaloVel,s_SubhaloVel,p_SubhaloSpin,s_SubhaloSpin,p_SubhaloHalfmassRad,s_SubhaloHalfmassRad,xy_projection,p_face_projection,s_face_projection,pa_SubhaloMass,pa_SubhaloCM,pa_SubhaloVel,pa_SubhaloSpin,pa_SubhaloHalfmassRad,sa_SubhaloMass,sa_SubhaloCM,sa_SubhaloVel,sa_SubhaloSpin,sa_SubhaloHalfmassRad,ps_SubhaloMass,ps_SubhaloCM,ps_SubhaloVel,ps_SubhaloSpin,ps_SubhaloHalfmassRad,ss_SubhaloMass,ss_SubhaloCM,ss_SubhaloVel,ss_SubhaloSpin,ss_SubhaloHalfmassRad
67000000356635,67,2.934985287074039,67000000356635,67000000356638,101.785866,0.35248405,[28677.182 26284.145 22729.666],[28677.799 26286.256 22732.273],[20.427433 96.62563  65.574455],[ -57.16416   74.65875 -303.97495],[ -637.60767 -1269.724     371.26877],[ -3.6678712  -26.946321     0.62325656],72.715324,0.55791175,https://www.tng-project.org/api/TNG50-1/snapshots/67/subhalos/356635/vis.png?partType=stars&partField=stellarComp-jwst_f200w-jwst_f115w-jwst_f070w&size=1&method=histo&nPixels=256%2C256&axes=0%2C1&plotStyle=edged,https://www.tng-project.org/api/TNG50-1/snapshots/67/subhalos/356635/vis.png?partType=stars&partField=stellarComp-jwst_f200w-jwst_f115w-jwst_f070w&size=1&method=histo&rotation=face-on&plotStyle=edged,https://www.tng-project.org/api/TNG50-1/snapshots/67/subhalos/356638/vis.png?partType=stars&partField=stellarComp-jwst_f200w-jwst_f115w-jwst_f070w&size=1&method=histo&rotation=face-on&plotStyle=edged,92.14758666690253,[28671.87690084 26277.16436997 22724.55453987],[25.49110212 97.51873705 77.83027884],[ -85118.83855014 -174002.54147077   53460.07805056],75.20159077814888,9.990760692540166,[28688.29515826 26284.10330665 22762.93723782],[-29.01372128  87.61324045 -60.50252051],[ -8266.05923355 -21428.97961286   1593.14637106],38.905240807787074,3.8363908900016654,[28677.3880147  26282.10250933 22727.01913404],[ 31.05536455 102.13116979 160.91281204],[-5625.98204835 -1464.8282023   2245.3876153 ],9.68039308873596,1.3746456987429667,[28678.0614359  26286.05120052 22744.01593143],[ -46.10047439   74.33787955 -183.28417265],[-918.35486366 -639.49615166   70.06959582],12.932312096623736
67000000356635,66,2.2090075079574847,66000000355035,66000000355037,96.48159,2.7893906,[28671.469 26269.889 22708.05 ],[28682.28  26269.176 22749.94 ],[20.274881 98.06184  67.24591 ],[-10.484211 106.48152  -17.39103 ],[ -630.3601 -1256.4921   369.9244],[-3.58005977e+00 -7.28020401e+01  1.43432105e-02],68.84561,3.4490159,https://www.tng-project.org/api/TNG50-1/snapshots/66/subhalos/355035/vis.png?partType=stars&partField=stellarComp-jwst_f200w-jwst_f115w-jwst_f070w&size=1&method=histo&nPixels=256%2C256&axes=0%2C1&plotStyle=edged,https://www.tng-project.org/api/TNG50-1/snapshots/66/subhalos/355035/vis.png?partType=stars&partField=stellarComp-jwst_f200w-jwst_f115w-jwst_f070w&size=1&method=histo&rotation=face-on&plotStyle=edged,https://www.tng-project.org/api/TNG50-1/snapshots/66/subhalos/355037/vis.png?partType=stars&partField=stellarComp-jwst_f200w-jwst_f115w-jwst_f070w&size=1&method=histo&rotation=face-on&plotStyle=edged,86.33629957818852,[28667.11798079 26262.05331219 22711.47696685],[23.29697431 97.54635    63.87927331],[ -93070.85805919 -142626.64046444   51934.85465717],67.06409310410967,12.934682892824192,[28695.04721419 26267.48897705 22761.87340609],[ -6.53021846 103.31833733  71.46535586],[   871.04998799 -23263.06479233   -338.6558751 ],38.20187318423525,3.625534938477699,[28673.26877261 26267.7067087  22707.72122715],[26.35246595 89.81800211 92.55149708],[-6069.21417076 -1456.52334069  2139.81786287],10.57180582186077,1.3493787255347058,[28682.24353233 26269.04876374 22754.03988615],[-27.28111339 111.8011307    4.00044374],[ -97.22938524 -674.02074983    9.73408868],7.443036080464734
67000000356635,65,3.879088245101256,65000000351015,65000000351017,94.888176,2.8403122,[28667.404 26253.31  22696.746],[28682.307 26252.104 22744.426],[ 18.774275 100.04723   64.27039 ],[  9.929842 106.296364  97.655235],[ -595.2241  -1269.5791    393.05374],[ -20.093584 -120.18522     6.637934],62.086403,3.9708502,https://www.tng-project.org/api/TNG50-1/snapshots/65/subhalos/351015/vis.png?partType=stars&partField=stellarComp-jwst_f200w-jwst_f115w-jwst_f070w&size=1&method=histo&nPixels=256%2C256&axes=0%2C1&plotStyle=edged,https://www.tng-project.org/api/TNG50-1/snapshots/65/subhalos/351015/vis.png?partType=stars&partField=stellarComp-jwst_f200w-jwst_f115w-jwst_f070w&size=1&method=histo&rotation=face-on&plotStyle=edged,https://www.tng-project.org/api/TNG50-1/snapshots/65/subhalos/351017/vis.png?partType=stars&partField=stellarComp-jwst_f200w-jwst_f115w-jwst_f070w&size=1&method=histo&rotation=face-on&plotStyle=edged,82.27188915303765,[28662.83020101 26245.80207187 22701.70749112],[ 15.37554512 100.58417924  47.3474218 ],[ -98847.85169393 -127927.14626719   59826.63014428],59.80126840073147,15.456597069278931,[28694.96057102 26251.12622273 22741.48561246],[ 35.23967432  98.33756024 160.48228136],[  2308.42947429 -24112.68748686    582.18214357],28.783896085071675,3.506137128208877,[28668.35538862 26252.59255854 22695.4483453 ],[27.72698158 92.96553389 47.70885591],[-6114.95640198 -1514.94976568  2072.1580745 ],11.37634441708867,1.3037796038392455,[28685.07782459 26251.36633626 22745.14857369],[  1.40632452 107.5537966  114.35684903],[ -420.28224288 -1379.52587734    84.32687182],8.907567081301723
67000000356635,63,29.565038800919883,63000000343701,63000000343702,84.296455,7.264497,[28678.8   26213.227 22703.867],[28633.559 26212.154 22653.527],[ -9.883329 105.033325  54.754425],[229.0652  113.12685 186.79478],[ -691.1142  -1102.6462    259.90805],[ -93.86101  -274.27884   -31.802671],70.80685,9.183801,https://www.tng-project.org/api/TNG50-1/snapshots/63/subhalos/343701/vis.png?partType=stars&partField=stellarComp-jwst_f200w-jwst_f115w-jwst_f070w&size=1&method=histo&nPixels=256%2C256&axes=0%2C1&plotStyle=edged,https://www.tng-project.org/api/TNG50-1/snapshots/63/subhalos/343701/vis.png?partType=stars&partField=stellarComp-jwst_f200w-jwst_f115w-jwst_f070w&size=1&method=histo&rotation=face-on&plotStyle=edged,https://www.tng-project.org/api/TNG50-1/snapshots/63/subhalos/343702/vis.png?partType=stars&partField=stellarComp-jwst_f200w-jwst_f115w-jwst_f070w&size=1&method=histo&rotation=face-on&plotStyle=edged,73.75983963077734,[28672.632411   26208.55517592 22694.90134963],[-39.96470494 104.36460643  35.6455782 ],[-108778.82491922 -104853.98840444   49817.98199467],68.18425541284796,17.80111155339319,[28636.1413242  26214.24314125 22655.37218596],[212.2734867  111.10711468 187.81759408],[ 2905.17599177 -9396.11922586  2234.92997987],25.777838522004,3.209686757593147,[28678.68239991 26212.76012356 22703.21912455],[-79.64520595 106.92281168   9.51926168],[-6705.55589317 -1726.57993235  1274.05523403],10.443882084637968,1.2198357160406204,[28632.43214587 26212.50769064 22654.04774874],[226.60715716 113.42661464 188.38993385],[ -329.59923817 -1038.26048896  -142.71177547],7.079820372159649
67000000356635,64,3.7443370619020975,64000000346067,64000000346069,95.64277,0.5933185,[28664.86  26229.617 22697.371],[28673.746 26229.64  22695.172],[ 17.439499 103.1481    65.88998 ],[162.95076  91.50832 394.4105 ],[ -593.67865 -1280.0654    366.97537],[-13.461891 -48.174725  -3.254094],53.02885,1.5194085,https://www.tng-project.org/api/TNG50-1/snapshots/64/subhalos/346067/vis.png?partType=stars&partField=stellarComp-jwst_f200w-jwst_f115w-jwst_f070w&size=1&method=histo&nPixels=256%2C256&axes=0%2C1&plotStyle=edged,https://www.tng-project.org/api/TNG50-1/snapshots/64/subhalos/346067/vis.png?partType=stars&partField=stellarComp-jwst_f200w-jwst_f115w-jwst_f070w&size=1&method=histo&rotation=face-on&plotStyle=edged,https://www.tng-project.org/api/TNG50-1/snapshots/64/subhalos/346069/vis.png?partType=stars&partField=stellarComp-jwst_f200w-jwst_f115w-jwst_f070w&size=1&method=histo&rotation=face-on&plotStyle=edged,78.57634812355927,[28663.13636645 26223.89657522 22696.08888295],[-24.630677   105.06247231  19.35843326],[-117771.89861459 -123113.11409352   77739.30643699],63.854388813891816,17.65973971558524,[28673.04142046 26230.65482104 22691.09551403],[209.517941    94.23911598 283.9676921 ],[  4161.86196424 -16899.08587011   1479.81440987],22.29975028736659,3.303465551516979,[28664.2498819  26230.24622117 22698.43272923],[-53.08997764 112.47852757 -93.41827268],[-6618.36641007 -1737.49680855  1619.4723153 ],9.993240605068248,1.2649762110153802,[28674.55806959 26229.66741638 22694.56884584],[208.11549195  72.91288657 373.03122283],[ -338.14636378 -1148.82411779   -28.66334517],5.649892661093519
67000000282211,67,10.566423044528127,67000000282211,67000000282212,203.40257,3.973723,[25078.29  24880.75   9508.009],[25075.242 24946.533  9510.93 ],[  1.7204217 -24.252123  -25.007097 ],[   9.152336 -103.79286    85.593506],[ 1520.345   1059.615  -1051.8429],[123.33892  -76.59589  -74.335075],102.19756,3.028516,https://www.tng-project.org/api/TNG50-1/snapshots/67/subhalos/282211/vis.png?partType=stars&partField=stellarComp-jwst_f200w-jwst_f115w-jwst_f070w&size=1&method=histo&nPixels=256%2C256&axes=0%2C1&plotStyle=edged,https://www.tng-project.org/api/TNG50-1/snapshots/67/subhalos/282211/vis.png?partType=stars&partField=stellarComp-jwst_f200w-jwst_f115w-jwst_f070w&size=1&method=histo&rotation=face-on&plotStyle=edged,https://www.tng-project.org/api/TNG50-1/snapshots/67/subhalos/282212/vis.png?partType=stars&partField=stellarComp-jwst_f200w-jwst_f115w-jwst_f070w&size=1&method=histo&rotation=face-on&plotStyle=edged,200.77136414317764,[25087.68723912 24911.20644171  9524.97090308],[  1.65181031 -23.07112737 -26.32187371],[ 454366.36782672  320917.47690978 -324698.24351079],102.54821994321664,6.604936203791199,[25075.55951751 24946.17805899  9510.04322661],[   8.27726943 -108.00509827   81.49896106],[5721.09419003 -227.5172615   410.42649844],5.807828385217497,7.236031818123507,[25078.47698525 24884.74667126  9508.29118231],[ 11.60570461  -8.68841003 -54.97622123],[ 5139.42136008 -1458.65296753 -3915.43680394],6.912514826269385,1.4669363449123691,[25075.25631077 24945.78913511  9510.67590003],[   9.13432124 -110.62513431   87.25519482],[ 697.37936152 -186.51309328 -136.13442048],2.5990591147364794
67000000282211,66,4.0292558013533,66000000281510,66000000281511,201.00462,3.1257944,[25077.193 24885.256  9519.476],[25075.791 24955.012  9497.462],[  1.2532324 -28.19784   -25.676392 ],[-11.000941  16.730368  65.30932 ],[1464.6178  1133.4181  -895.41156],[ 138.05986   -94.975624 -101.0234  ],98.96772,3.146852,https://www.tng-project.org/api/TNG50-1/snapshots/66/subhalos/281510/vis.png?partType=stars&partField=stellarComp-jwst_f200w-jwst_f115w-jwst_f070w&size=1&method=histo&nPixels=256%2C256&axes=0%2C1&plotStyle=edged,https://www.tng-project.org/api/TNG50-1/snapshots/66/subhalos/281510/vis.png?partType=stars&partField=stellarComp-jwst_f200w-jwst_f115w-jwst_f070w&size=1&method=histo&rotation=face-on&plotStyle=edged,https://www.tng-project.org/api/TNG50-1/snapshots/66/subhalos/281511/vis.png?partType=stars&partField=stellarComp-jwst_f200w-jwst_f115w-jwst_f070w&size=1&method=histo&rotation=face-on&plotStyle=edged,197.19924064405865,[25085.69410558 24913.07981964  9528.32384249],[  1.44788977 -28.81046357 -27.36675986],[ 425960.82685056  342983.46382288 -275758.07041161],98.3951089052953,6.931181984812037,[25076.10637528 24955.178572    9497.65482873],[-9.81130656  9.49348448 63.44866785],[5355.68472885 -392.89892763  324.49421957],7.608604383580651,7.030228867762489,[25077.16033499 24887.69289679  9518.93936552],[  4.17960773 -45.09202023 -75.35040014],[ 4419.92396317 -2062.07847674 -3589.02883541],6.04718836191635,1.3924026763684765,[25075.91939777 24954.573041    9497.85233325],[-14.50398353   7.17268711  63.21286167],[ 619.58818367 -228.00925578  -83.77105763],2.868562240964259
67000000282211,65,5.0118828728169325,65000000276006,65000000276007,198.18295,4.578303,[25076.783 24898.934  9531.92 ],[25078.541 24942.018  9492.351],[  1.009482 -33.200737 -25.501535],[-19.269917 164.11813   -3.21855 ],[1430.0663  1282.907   -832.11053],[201.98277  -90.819916 -78.01413 ],94.7796,4.6384897,https://www.tng-project.org/api/TNG50-1/snapshots/65/subhalos/276006/vis.png?partType=stars&partField=stellarComp-jwst_f200w-jwst_f115w-jwst_f070w&size=1&method=histo&nPixels=256%2C256&axes=0%2C1&plotStyle=edged,https://www.tng-project.org/api/TNG50-1/snapshots/65/subhalos/276006/vis.png?partType=stars&partField=stellarComp-jwst_f200w-jwst_f115w-jwst_f070w&size=1&method=histo&rotation=face-on&plotStyle=edged,https://www.tng-project.org/api/TNG50-1/snapshots/65/subhalos/276007/vis.png?partType=stars&partField=stellarComp-jwst_f200w-jwst_f115w-jwst_f070w&size=1&method=histo&rotation=face-on&plotStyle=edged,195.27841054825896,[25085.06049206 24917.70665795  9533.33030248],[  1.3279676  -36.01524441 -25.84308172],[ 410609.93587603  390278.2162285  -253592.78974887],96.36830079999896,7.48284115391801,[25078.72485689 24942.3167414   9491.34289354],[-19.7097307  160.97656621  -2.95465573],[4142.21110284 -778.96559159 -281.53534983],8.121478009190874,6.905764797826819,[25076.60859314 24899.93733554  9531.72334121],[  -0.13644561 -105.46538587  -75.82684518],[ 2573.994623   -2208.48295967 -2933.02835274],5.606871636554986,1.3603966833841523,[25078.46864581 24942.00088251  9492.17628036],[-18.99682344 152.48907223  -4.15630139],[ 481.92765728 -283.77803733 -203.66249172],2.872934073264613
67000000282211,64,4.999711036552797,64000000271591,64000000271592,198.40358,3.853873,[25075.96  24926.684  9543.735],[25080.914 24892.14   9520.946],[  1.7570084 -34.325024  -20.687567 ],[  11.500547  218.45346  -304.25287 ],[1500.1362 1268.5424 -872.9216],[164.65533  -66.734116 -97.31657 ],100.2755,3.8076804,https://www.tng-project.org/api/TNG50-1/snapshots/64/subhalos/271591/vis.png?partType=stars&partField=stellarComp-jwst_f200w-jwst_f115w-jwst_f070w&size=1&method=histo&nPixels=256%2C256&axes=0%2C1&plotStyle=edged,https://www.tng-project.org/api/TNG50-1/snapshots/64/subhalos/271591/vis.png?partType=stars&partField=stellarComp-jwst_f200w-jwst_f115w-jwst_f070w&size=1&method=histo&rotation=face-on&plotStyle=edged,https://www.tng-project.org/api/TNG50-1/snapshots/64/subhalos/271592/vis.png?partType=stars&partField=stellarComp-jwst_f200w-jwst_f115w-jwst_f070w&size=1&method=histo&rotation=face-on&plotStyle=edged,194.41174047432327,[25082.86405189 24925.57340555  9537.01950329],[  1.47969994 -39.58818671 -14.90892735],[ 412613.84032581  400112.48897639 -272529.80904575],103.32274805748165,7.845711656407465,[25080.98217925 24891.73568022  9521.15014744],[  13.41463572  220.25953119 -303.1680227 ],[2153.16233825 -793.92613456 -846.61964251],8.209525721552593,6.691850414473635,[25075.70348268 24926.60751397  9543.80920315],[  13.43361236 -105.11712621  -24.80995826],[  257.11071727 -3696.50379586 -1889.37385553],5.362948400111247,1.270746586979442,[25081.00212688 24892.26104681  9521.02340826],[  16.66799082  229.89805964 -297.0331783 ],[ 366.74206662 -193.49489078 -285.29052177],2.7895948547548968
67000000282211,63,5.058539945704926,63000000270045,63000000270046,192.2325,6.939651,[25073.025 24939.27   9545.688],[25075.803 24871.17   9574.813],[  3.5486543 -31.290295  -17.05862  ],[  38.80349   54.50062 -324.31158],[1558.0952  1246.315   -861.31604],[ 115.79449   -68.731285 -105.89285 ],110.38815,7.794578,https://www.tng-project.org/api/TNG50-1/snapshots/63/subhalos/270045/vis.png?partType=stars&partField=stellarComp-jwst_f200w-jwst_f115w-jwst_f070w&size=1&method=histo&nPixels=256%2C256&axes=0%2C1&plotStyle=edged,https://www.tng-project.org/api/TNG50-1/snapshots/63/subhalos/270045/vis.png?partType=stars&partField=stellarComp-jwst_f200w-jwst_f115w-jwst_f070w&size=1&method=histo&rotation=face-on&plotStyle=edged,https://www.tng-project.org/api/TNG50-1/snapshots/63/subhalos/270046/vis.png?partType=stars&partField=stellarComp-jwst_f200w-jwst_f115w-jwst_f070w&size=1&method=histo&rotation=face-on&plotStyle=edged,191.1282108824587,[25079.92782442 24928.64194429  9541.1325466 ],[  3.33975318 -31.73623118 -15.31133953],[ 461045.68506309  383717.57386441 -266328.07136955],110.188800946249,8.043936900374208,[25075.79910645 24870.5619378   9575.29329796],[  38.92724912   53.31877568 -323.64765483],[ 1506.64909814  -998.13910621 -1473.00669732],9.41720812131044,6.599958376713815,[25073.0108208  24939.02514581  9545.96457042],[ 16.26070613 -51.88808723  -9.90937724],[ -350.90207162 -4418.42386853 -1145.15258482],5.301873498004272,1.208304471847157,[25075.8756194  24870.99463944  9575.00649761],[  40.2080376    54.90453969 -324.91429346],[ 313.06976597 -170.29979891 -325.46355698],2.8511327168244622
67000000297999,67,2.3417720640374826,67000000297999,67000000298000,193.44571,9.636491,[28774.129  12398.464   2676.6926],[28702.16  12469.425  2664.982],[-141.17746  -62.81185  162.27536],[ -18.136648 -258.5215    197.69284 ],[-1322.4419   691.5337  2382.6199],[-121.79914 -185.07166   88.21245],117.5514,10.039918,https://www.tng-project.org/api/TNG50-1/snapshots/67/subhalos/297999/vis.png?partType=stars&partField=stellarComp-jwst_f200w-jwst_f115w-jwst_f070w&size=1&method=histo&nPixels=256%2C256&axes=0%2C1&plotStyle=edged,https://www.tng-project.org/api/TNG50-1/snapshots/67/subhalos/297999/vis.png?partType=stars&partField=stellarComp-jwst_f200w-jwst_f115w-jwst_f070w&size=1&method=histo&rotation=face-on&plotStyle=edged,https://www.tng-project.org/api/TNG50-1/snapshots/67/subhalos/298000/vis.png?partType=stars&partField=stellarComp-jwst_f200w-jwst_f115w-jwst_f070w&size=1&method=histo&rotation=face-on&plotStyle=edged,194.46007966464347,[28757.40833824 12409.25189015  2669.06561926],[-140.50740135  -63.84195032  162.40955368],[-383872.24636789  201358.44679856  695882.56448993],116.67686098415038,8.622127323319386,[28702.40577546 12469.64921748  2665.04894131],[ -18.77370698 -258.3136241   198.83297843],[-1840.62606419 -2188.11829251  1318.40306325],8.93978552716763,5.903489544741191,[28772.20522432 12401.35519324  2676.3143968 ],[-151.36864627  -52.20349249  153.26672121],[-1346.62996343  2546.41036428  4929.03439408],5.7427535284796285,1.87416967958589,[28702.32572256 12469.3260706   2665.04004227],[ -18.28800232 -263.57930385  198.86845159],[-456.3414052  -598.35220595  507.70190428],2.733761141177217
67000000297999,66,4.577284062852257,66000000294319,66000000294320,197.25574,9.90656,[28800.53   12407.991   2650.2668],[28708.344  12508.729   2633.4202],[-139.5712  -67.0545  162.8848],[ -53.002605 -220.6487    188.90878 ],[-1361.4292   635.4694  2358.856 ],[-124.9193  -189.58989   87.32704],121.62739,10.5693,https://www.tng-project.org/api/TNG50-1/snapshots/66/subhalos/294319/vis.png?partType=stars&partField=stellarComp-jwst_f200w-jwst_f115w-jwst_f070w&size=1&method=histo&nPixels=256%2C256&axes=0%2C1&plotStyle=edged,https://www.tng-project.org/api/TNG50-1/snapshots/66/subhalos/294319/vis.png?partType=stars&partField=stellarComp-jwst_f200w-jwst_f115w-jwst_f070w&size=1&method=histo&rotation=face-on&plotStyle=edged,https://www.tng-project.org/api/TNG50-1/snapshots/66/subhalos/294320/vis.png?partType=stars&partField=stellarComp-jwst_f200w-jwst_f115w-jwst_f070w&size=1&method=histo&rotation=face-on&plotStyle=edged,198.2724434791716,[28781.02659774 12419.81386433  2641.92205811],[-139.12589625  -67.8526721   163.00070863],[-408027.4734596   191893.25091207  713199.42402636],121.2204015232967,8.889850592868438,[28708.28504805 12508.77297166  2633.25153288],[ -53.03350528 -220.41301248  189.29972976],[-2008.13159011 -2366.88679742  1394.81126464],9.444517053216346,5.856462390565596,[28797.88555978 12411.09158881  2650.58627869],[-163.10576832  -76.54715159  163.33309693],[-1730.6048702   2730.18819393  4452.6321782 ],6.242679926543244,1.884879370515847,[28708.41569621 12508.66763355  2633.43460951],[ -52.19052811 -225.03200197  190.95870839],[-459.11296221 -607.19862103  539.82964933],2.7893685960484738
67000000297999,65,4.003956783167687,65000000285776,65000000285777,202.43901,9.019935,[28830.334  12422.052   2623.4456],[28718.8    12542.357   2603.1746],[-135.61267  -67.18726  163.4714 ],[ -80.99593 -186.80023  180.93625],[-1432.5255   555.2477  2341.935 ],[-118.96044 -174.62807   99.87842],124.740486,9.589705,https://www.tng-project.org/api/TNG50-1/snapshots/65/subhalos/285776/vis.png?partType=stars&partField=stellarComp-jwst_f200w-jwst_f115w-jwst_f070w&size=1&method=histo&nPixels=256%2C256&axes=0%2C1&plotStyle=edged,https://www.tng-project.org/api/TNG50-1/snapshots/65/subhalos/285776/vis.png?partType=stars&partField=stellarComp-jwst_f200w-jwst_f115w-jwst_f070w&size=1&method=histo&rotation=face-on&plotStyle=edged,https://www.tng-project.org/api/TNG50-1/snapshots/65/subhalos/285777/vis.png?partType=stars&partField=stellarComp-jwst_f200w-jwst_f115w-jwst_f070w&size=1&method=histo&rotation=face-on&plotStyle=edged,202.2867435681394,[28804.56614331 12431.39043334  2615.02755478],[-135.61643804  -67.14719262  163.52740819],[-446538.12659747  174996.82749656  732515.46751465],123.82169859314403,9.172206531662574,[28719.03077093 12542.25698875  2603.22565833],[ -81.81963073 -185.6982705   179.41118035],[-2072.71236556 -2542.01309584  1577.3835217 ],10.160912536294497,5.695260148927673,[28825.98275179 12423.92448729  2624.22079182],[-170.27498358  -64.23885198  160.710718  ],[-1374.75397637  3321.9081514   5042.43984275],6.904247719669479,1.8957067898859064,[28718.85479498 12542.35731098  2603.18262501],[ -78.74448589 -188.91302465  182.7396172 ],[-465.8617757  -600.21558048  583.09100927],2.811402289525968
67000000297999,64,9.761714975056323,64000000279822,64000000279823,206.80983,8.586043,[28862.967  12428.392   2589.7485],[28740.252  12577.498   2565.6367],[-125.85822  -67.15149  163.09651],[-122.020676 -132.13695   164.65144 ],[-1554.8259   519.2071  2391.3132],[-128.09152 -179.44667  104.04507],126.53981,8.974118,https://www.tng-project.org/api/TNG50-1/snapshots/64/subhalos/279822/vis.png?partType=stars&partField=stellarComp-jwst_f200w-jwst_f115w-jwst_f070w&size=1&method=histo&nPixels=256%2C256&axes=0%2C1&plotStyle=edged,https://www.tng-project.org/api/TNG50-1/snapshots/64/subhalos/279822/vis.png?partType=stars&partField=stellarComp-jwst_f200w-jwst_f115w-jwst_f070w&size=1&method=histo&rotation=face-on&plotStyle=edged,https://www.tng-project.org/api/TNG50-1/snapshots/64/subhalos/279823/vis.png?partType=stars&partField=stellarComp-jwst_f200w-jwst_f115w-jwst_f070w&size=1&method=histo&rotation=face-on&plotStyle=edged,205.7677866908078,[28833.35718734 12445.74256331  2579.69142001],[-125.85776343  -66.92271299  163.06780958],[-506273.65573841  169244.85247864  774583.50417484],123.48151526748806,9.628093391297895,[28740.93684467 12577.00967441  2565.99922732],[-122.44585353 -129.99283297  165.09660479],[-2458.64758456 -3007.12116933  1651.08784252],10.998319900039965,5.482142359353276,[28858.49698205 12432.40100043  2590.57166111],[-110.84683495  -27.39481713  137.57112408],[-628.31913941 3887.70428714 6032.82983547],7.367740552682849,1.912480301974398,[28740.4491732  12577.44303901  2565.59719257],[-122.55322052 -133.07992517  163.96735105],[-470.05198887 -612.74943107  622.42565227],2.9464687126737847
67000000297999,63,6.155532474161835,63000000271670,63000000271671,208.5529,9.075511,[28877.51   12427.627   2570.6377],[28762.861 12595.539  2539.796],[-120.70971  -69.79221  165.1965 ],[-154.97466  -88.38376  153.45293],[-1581.8896    451.99078  2377.355  ],[-112.785446 -171.86456   110.36647 ],124.44389,9.459206,https://www.tng-project.org/api/TNG50-1/snapshots/63/subhalos/271670/vis.png?partType=stars&partField=stellarComp-jwst_f200w-jwst_f115w-jwst_f070w&size=1&method=histo&nPixels=256%2C256&axes=0%2C1&plotStyle=edged,https://www.tng-project.org/api/TNG50-1/snapshots/63/subhalos/271670/vis.png?partType=stars&partField=stellarComp-jwst_f200w-jwst_f115w-jwst_f070w&size=1&method=histo&rotation=face-on&plotStyle=edged,https://www.tng-project.org/api/TNG50-1/snapshots/63/subhalos/271671/vis.png?partType=stars&partField=stellarComp-jwst_f200w-jwst_f115w-jwst_f070w&size=1&method=histo&rotation=face-on&plotStyle=edged,207.88182362689383,[28852.89101329 12456.83977049  2553.68904331],[-120.56288458  -69.85230443  165.17903362],[-526781.62407809  150802.29454873  788774.768992  ],120.89696316105407,9.746584528554092,[28762.63183941 12595.59416494  2539.66505042],[-155.74707769  -85.82208765  154.6341642 ],[-2804.50963338 -3334.37874361  1937.92219725],10.798893975630966,4.970723049258581,[28873.78939126 12436.22091653  2568.36044184],[-99.18088179  -5.8570047  134.86029136],[-293.75447315 3693.99394732 7050.51878395],10.47506804618908,1.8987033634100496,[28762.94963747 12595.52610454  2539.77407917],[-155.34153217  -88.98127705  153.06284244],[-454.82332504 -596.47287959  677.78216856],2.943196480665508
67000000325904,67,2.91426519397564,67000000325904,67000000325907,97.239296,5.4230986,[10041.8545 18980.477  10802.352 ],[ 9967.037 19008.506 10845.01 ],[-164.4807   146.93916   75.35248],[-138.70477   160.51506   -16.201221],[-1706.8601 -2085.4675 -2544.5693],[ -88.86999  -160.5477     46.165203],116.2703,9.211454,https://www.tng-project.org/api/TNG50-1/snapshots/67/subhalos/325904/vis.png?partType=stars&partField=stellarComp-jwst_f200w-jwst_f115w-jwst_f070w&size=1&method=histo&nPixels=256%2C256&axes=0%2C1&plotStyle=edged,https://www.tng-project.org/api/TNG50-1/snapshots/67/subhalos/325904/vis.png?partType=stars&partField=stellarComp-jwst_f200w-jwst_f115w-jwst_f070w&size=1&method=histo&rotation=face-on&plotStyle=edged,https://www.tng-project.org/api/TNG50-1/snapshots/67/subhalos/325907/vis.png?partType=stars&partField=stellarComp-jwst_f200w-jwst_f115w-jwst_f070w&size=1&method=histo&rotation=face-on&plotStyle=edged,96.54179764175277,[ 9985.86278262 18986.55639838 10828.99701193],[-164.74682298  146.85805535   76.10441545],[-247678.68867004 -303151.13237626 -371172.45713062],119.43874964977816,6.120596517142328,[ 9967.55865525 19009.2813534  10844.16800571],[-137.44439737  160.24727961  -17.62839908],[ -811.36726702 -1800.64244911   387.33420256],10.901311470833216,2.1043697517396254,[10040.68549674 18980.84377734 10802.87126317],[-204.34253233  149.22758365  118.27898533],[-371.78983891 -476.09322801 -621.81234818],2.1259034471355696,0.7147462043261328,[ 9967.10827337 19008.47040871 10844.90970346],[-134.08787724  156.72953409  -14.56002363],[-46.41873421 -34.58945041  76.40042012],1.5816972775179268
67000000325904,66,4.973814603116049,66000000325813,66000000325815,90.44345,6.8188586,[10074.478 18956.436 10783.284],[ 9990.809 18982.695 10848.006],[-165.30031  145.58191   80.06681],[-161.8065   170.16402  -20.45956],[-1715.4796 -2009.1787 -2382.5857],[ -85.50789 -192.47713   41.66741],115.48087,11.936745,https://www.tng-project.org/api/TNG50-1/snapshots/66/subhalos/325813/vis.png?partType=stars&partField=stellarComp-jwst_f200w-jwst_f115w-jwst_f070w&size=1&method=histo&nPixels=256%2C256&axes=0%2C1&plotStyle=edged,https://www.tng-project.org/api/TNG50-1/snapshots/66/subhalos/325813/vis.png?partType=stars&partField=stellarComp-jwst_f200w-jwst_f115w-jwst_f070w&size=1&method=histo&rotation=face-on&plotStyle=edged,https://www.tng-project.org/api/TNG50-1/snapshots/66/subhalos/325815/vis.png?partType=stars&partField=stellarComp-jwst_f200w-jwst_f115w-jwst_f070w&size=1&method=histo&rotation=face-on&plotStyle=edged,90.98188405228927,[10019.96876201 18962.20736527 10813.85075687],[-165.17546015  145.71926775   79.51943768],[-237701.00037478 -277956.18383566 -328958.57122485],115.08116979723503,6.28042557211751,[ 9991.85702809 18982.87443668 10847.17824551],[-163.31567027  170.28155039  -21.14832953],[ -808.05164712 -2004.42285669   315.63889697],11.384976638994184,2.086623086055255,[10073.34909189 18956.84144501 10784.01042258],[-195.1036372   145.2708334   115.93182592],[-349.08669894 -415.9978954  -617.37748426],2.0428401750531044,0.7002117032310196,[ 9990.87916035 18982.65223163 10847.71498124],[-161.06878106  165.35444871  -20.78785499],[-40.51332435 -24.40426753  82.4418906 ],1.586404697990598
67000000325904,65,4.742376827723479,65000000321520,65000000321522,86.26828,6.829003,[10104.738 18934.646 10765.044],[10018.572 18954.35  10850.665],[-162.49664  141.97736   81.34618],[-180.00343   186.03978    -9.635999],[-1782.3291 -1972.0604 -2314.669 ],[ -78.52609  -187.12746    45.266415],114.79094,11.981273,https://www.tng-project.org/api/TNG50-1/snapshots/65/subhalos/321520/vis.png?partType=stars&partField=stellarComp-jwst_f200w-jwst_f115w-jwst_f070w&size=1&method=histo&nPixels=256%2C256&axes=0%2C1&plotStyle=edged,https://www.tng-project.org/api/TNG50-1/snapshots/65/subhalos/321520/vis.png?partType=stars&partField=stellarComp-jwst_f200w-jwst_f115w-jwst_f070w&size=1&method=histo&rotation=face-on&plotStyle=edged,https://www.tng-project.org/api/TNG50-1/snapshots/65/subhalos/321522/vis.png?partType=stars&partField=stellarComp-jwst_f200w-jwst_f115w-jwst_f070w&size=1&method=histo&rotation=face-on&plotStyle=edged,86.84546403896007,[10053.75197431 18938.80428287 10798.43732903],[-162.52151456  142.35510398   80.76915793],[-240182.30070949 -264967.97756001 -309853.72474205],112.41868739582318,6.2518202160574,[10019.91294943 18954.17883652 10849.68045029],[-181.27427965  184.8602403   -10.02010967],[ -718.20147968 -2004.39854653   385.96621559],11.47359614999265,2.067088731994573,[10103.97447084 18934.72642125 10765.73252593],[-179.24581002  131.95992136  106.67350199],[-265.72107467 -416.89865617 -557.70527634],1.801411059284595,0.6822234531336449,[10018.8060325  18954.34909624 10850.44442081],[-182.01880644  180.93283993  -15.1090159 ],[-32.88579602 -16.92543312  88.28578245],1.5841914852145935
67000000325904,64,4.550330793723387,64000000317813,64000000317815,81.19986,6.6761484,[10142.607 18907.201 10742.418],[10059.953 18914.127 10851.31 ],[-160.05148  138.1423    81.20807],[-198.24846   192.52162    10.761873],[-1844.2635 -1853.4872 -2196.5684],[ -56.85468  -197.17369    54.050537],110.90047,12.354652,https://www.tng-project.org/api/TNG50-1/snapshots/64/subhalos/317813/vis.png?partType=stars&partField=stellarComp-jwst_f200w-jwst_f115w-jwst_f070w&size=1&method=histo&nPixels=256%2C256&axes=0%2C1&plotStyle=edged,https://www.tng-project.org/api/TNG50-1/snapshots/64/subhalos/317813/vis.png?partType=stars&partField=stellarComp-jwst_f200w-jwst_f115w-jwst_f070w&size=1&method=histo&rotation=face-on&plotStyle=edged,https://www.tng-project.org/api/TNG50-1/snapshots/64/subhalos/317815/vis.png?partType=stars&partField=stellarComp-jwst_f200w-jwst_f115w-jwst_f070w&size=1&method=histo&rotation=face-on&plotStyle=edged,81.4761374235274,[10102.02927781 18907.77173014 10775.89056359],[-160.17019145  138.5073857    81.01767141],[-238207.93737738 -238339.62060778 -282248.09677461],106.3402635539299,6.399867140723824,[10061.16458836 18913.79877751 10849.91504507],[-198.38611817  190.22134192   10.14465242],[ -526.97947335 -2149.52090292   571.35150695],12.33672967663033,2.034032197138856,[10142.06161555 18907.10831722 10743.26177755],[-168.93501995  119.49600843  100.87061868],[-196.89715859 -378.06785637 -517.86923333],1.8533934077499965,0.6527228073101128,[10060.32205953 18914.14781152 10850.89772129],[-197.43578123  187.90791297    5.83630992],[-13.08323105  -1.29644018  98.8761677 ],1.6587590278587483
67000000325904,63,6.111881776400522,63000000312311,63000000312314,79.50992,6.6606355,[10168.624 18888.799 10726.827],[10093.509 18883.12  10847.686],[-155.8034   136.97423   76.97197],[-206.42119   196.50148    30.318445],[-1795.767  -1723.8414 -2101.7231],[ -34.87777 -184.88132   72.82394],108.892914,12.5066,https://www.tng-project.org/api/TNG50-1/snapshots/63/subhalos/312311/vis.png?partType=stars&partField=stellarComp-jwst_f200w-jwst_f115w-jwst_f070w&size=1&method=histo&nPixels=256%2C256&axes=0%2C1&plotStyle=edged,https://www.tng-project.org/api/TNG50-1/snapshots/63/subhalos/312311/vis.png?partType=stars&partField=stellarComp-jwst_f200w-jwst_f115w-jwst_f070w&size=1&method=histo&rotation=face-on&plotStyle=edged,https://www.tng-project.org/api/TNG50-1/snapshots/63/subhalos/312314/vis.png?partType=stars&partField=stellarComp-jwst_f200w-jwst_f115w-jwst_f070w&size=1&method=histo&rotation=face-on&plotStyle=edged,80.01123682036209,[10130.13953824 18884.72763254 10763.10579047],[-156.11836325  137.57066167   76.70320138],[-231923.44165301 -221662.17295147 -268789.44212432],104.37529822203804,6.159313455997291,[10094.10640056 18882.7089392  10847.0126737 ],[-206.44967802  193.59879408   30.01262323],[ -351.54123487 -2024.0436193    687.80027683],12.015996900338951,1.994964856959598,[10167.87861668 18888.38146663 10727.86219269],[-149.69243791  114.67196034   87.26853124],[-154.27408438 -391.71730297 -488.69671967],2.12685160275696,0.6210670895622741,[10093.58244465 18883.18126686 10847.63043953],[-202.24069449  191.69015974   31.89298827],[ 1.13700536 16.19051177 99.90006638],1.569721800498766
67000000329197,67,6.7034677214976375,67000000329197,67000000329198,118.20569,5.7708144,[24731.941 25415.32  10262.256],[24746.059 25407.666 10291.432],[  67.337654  -78.03812  -103.91877 ],[-10.243316  11.001337 -33.38861 ],[-2882.4998 -2577.2964  -171.519 ],[ -11.535806 -217.55034   143.8282  ],97.31364,4.7912574,https://www.tng-project.org/api/TNG50-1/snapshots/67/subhalos/329197/vis.png?partType=stars&partField=stellarComp-jwst_f200w-jwst_f115w-jwst_f070w&size=1&method=histo&nPixels=256%2C256&axes=0%2C1&plotStyle=edged,https://www.tng-project.org/api/TNG50-1/snapshots/67/subhalos/329197/vis.png?partType=stars&partField=stellarComp-jwst_f200w-jwst_f115w-jwst_f070w&size=1&method=histo&rotation=face-on&plotStyle=edged,https://www.tng-project.org/api/TNG50-1/snapshots/67/subhalos/329198/vis.png?partType=stars&partField=stellarComp-jwst_f200w-jwst_f115w-jwst_f070w&size=1&method=histo&rotation=face-on&plotStyle=edged,115.1505357812822,[24735.25642329 25406.87508689 10274.4883954 ],[  69.41975025  -80.32111432 -105.80733055],[-506044.99187144 -448496.69667203  -34192.64594139],98.80792417211572,8.825970939718616,[24746.50269641 25407.69154226 10291.69941648],[-10.55287279   9.96561099 -33.16338946],[-1672.35500651 -4436.24686892  1634.48617795],7.134594012930764,2.6819497625389204,[24731.88302976 25415.25804097 10263.32797887],[ 142.68867634 -121.55429533 -132.6518776 ],[-1358.92842277 -1515.5308502   -233.39013617],1.7451469146474916,2.0146536061324127,[24746.04839501 25407.88300854 10291.74232137],[-12.3991749    9.02031802 -36.59413445],[  -13.32840514 -1282.73982174   772.42482523],4.359173833527072
67000000329197,66,6.858468157093484,66000000328122,66000000328123,118.908936,5.0944567,[24712.781 25433.21  10292.129],[24741.113 25410.502 10288.15 ],[  62.08621  -74.00957 -105.71646],[ 89.45515  -57.290558  54.31909 ],[-2854.983   -2587.5264   -317.86615],[ -20.90054 -218.18675  189.72778],98.22623,4.5217657,https://www.tng-project.org/api/TNG50-1/snapshots/66/subhalos/328122/vis.png?partType=stars&partField=stellarComp-jwst_f200w-jwst_f115w-jwst_f070w&size=1&method=histo&nPixels=256%2C256&axes=0%2C1&plotStyle=edged,https://www.tng-project.org/api/TNG50-1/snapshots/66/subhalos/328122/vis.png?partType=stars&partField=stellarComp-jwst_f200w-jwst_f115w-jwst_f070w&size=1&method=histo&rotation=face-on&plotStyle=edged,https://www.tng-project.org/api/TNG50-1/snapshots/66/subhalos/328123/vis.png?partType=stars&partField=stellarComp-jwst_f200w-jwst_f115w-jwst_f070w&size=1&method=histo&rotation=face-on&plotStyle=edged,114.60451236610156,[24726.8640798  25418.72108699 10290.39517983],[  60.87857864  -74.63703121 -111.73333317],[-510733.99419486 -456668.33281613  -60559.77646975],101.58339638746746,9.398879592685326,[24740.89557321 25410.49896323 10287.79779372],[ 91.64607043 -57.29649417  54.39357628],[-1503.30033407 -3846.11463844  2237.77464501],7.581086575078322,2.647185095554107,[24713.20642477 25432.65895107 10292.42019638],[  78.61608112  -80.08302161 -205.69526038],[-1077.00022003 -1228.85465005  -380.36405376],1.5301921563358796,1.981282630299063,[24740.91120471 25410.53098685 10288.1888732 ],[ 87.2339336  -55.40153774  56.59675452],[  -49.63230313 -1185.07206731   962.96267265],4.595917170628912
67000000329197,65,10.165861442263845,65000000325382,65000000325383,114.66699,7.245916,[24706.186 25440.697 10325.314],[24718.123 25426.463 10282.538],[  54.40705   -68.22963  -102.404724],[ 172.10568   -129.59572     -4.3712044],[-2871.7412  -2627.1057   -343.10944],[ -26.268421 -193.27563   197.73428 ],100.70999,6.3596287,https://www.tng-project.org/api/TNG50-1/snapshots/65/subhalos/325382/vis.png?partType=stars&partField=stellarComp-jwst_f200w-jwst_f115w-jwst_f070w&size=1&method=histo&nPixels=256%2C256&axes=0%2C1&plotStyle=edged,https://www.tng-project.org/api/TNG50-1/snapshots/65/subhalos/325382/vis.png?partType=stars&partField=stellarComp-jwst_f200w-jwst_f115w-jwst_f070w&size=1&method=histo&rotation=face-on&plotStyle=edged,https://www.tng-project.org/api/TNG50-1/snapshots/65/subhalos/325383/vis.png?partType=stars&partField=stellarComp-jwst_f200w-jwst_f115w-jwst_f070w&size=1&method=histo&rotation=face-on&plotStyle=edged,111.82880132600992,[24719.6785223  25429.01526538 10306.72060303],[  51.42633105  -66.75816343 -104.74921788],[-503697.49248446 -456284.67302389  -62345.94633079],102.54870178596092,10.084104027849987,[24718.21372741 25426.55738539 10282.33452673],[ 172.03422926 -128.64210857   -5.96336299],[-1061.21591234 -3685.54190186  2727.07400185],8.602415842239033,2.625218930900246,[24706.37506829 25440.35607699 10324.90984988],[  10.33300909  -21.09803903 -171.85020111],[ -854.63806007 -1099.31551235  -389.69445819],1.3755952730082666,1.9463426083756303,[24718.17272802 25426.35466648 10282.4188441 ],[ 173.25897732 -133.03939237   -5.60712752],[  -25.23550901 -1141.80768423  1075.23020125],4.814357035465183
67000000329197,64,14.719662786603951,64000000318974,64000000318975,111.52167,9.058592,[24705.898 25442.383 10353.593],[24679.434 25456.514 10297.065],[ 48.797546 -65.248535 -89.12636 ],[ 168.64998 -135.38971 -122.49282],[-2708.3894 -2569.1162  -577.4908],[ -36.818665 -185.99768   197.5175  ],103.38963,7.9852037,https://www.tng-project.org/api/TNG50-1/snapshots/64/subhalos/318974/vis.png?partType=stars&partField=stellarComp-jwst_f200w-jwst_f115w-jwst_f070w&size=1&method=histo&nPixels=256%2C256&axes=0%2C1&plotStyle=edged,https://www.tng-project.org/api/TNG50-1/snapshots/64/subhalos/318974/vis.png?partType=stars&partField=stellarComp-jwst_f200w-jwst_f115w-jwst_f070w&size=1&method=histo&rotation=face-on&plotStyle=edged,https://www.tng-project.org/api/TNG50-1/snapshots/64/subhalos/318975/vis.png?partType=stars&partField=stellarComp-jwst_f200w-jwst_f115w-jwst_f070w&size=1&method=histo&rotation=face-on&plotStyle=edged,109.71606413975232,[24712.05301555 25440.05888413 10327.69210926],[ 46.81344006 -64.10674904 -88.63026286],[-470774.09631528 -441694.54811152 -102215.08742357],104.07763570379628,10.864197525534562,[24679.77991402 25456.2359088  10296.89789499],[ 168.76799857 -135.26313304 -121.95739635],[ -928.79584013 -3855.33891254  2991.73647521],9.75907470110513,2.613568587869537,[24705.56021729 25442.41832513 10353.0478873 ],[  4.33360322  -2.16125182 -93.9068422 ],[ -677.82229927 -1032.4739009   -469.86031147],1.4031238920182678,1.921719520705892,[24679.6866211  25456.30865612 10296.96506399],[ 168.01575456 -136.96044641 -122.94468861],[  -77.98683935 -1071.08689113  1145.99390325],4.801713223198613
67000000329197,63,9.937275091689836,63000000314747,63000000314748,108.599335,10.278579,[24704.557 25442.625 10365.386],[24655.123 25476.424 10321.821],[ 48.89199 -66.62431 -79.28523],[ 132.55226  -111.431145 -178.59833 ],[-2513.889   -2480.4429   -812.48706],[ -41.963547 -184.94478   203.03755 ],104.1942,9.220502,https://www.tng-project.org/api/TNG50-1/snapshots/63/subhalos/314747/vis.png?partType=stars&partField=stellarComp-jwst_f200w-jwst_f115w-jwst_f070w&size=1&method=histo&nPixels=256%2C256&axes=0%2C1&plotStyle=edged,https://www.tng-project.org/api/TNG50-1/snapshots/63/subhalos/314747/vis.png?partType=stars&partField=stellarComp-jwst_f200w-jwst_f115w-jwst_f070w&size=1&method=histo&rotation=face-on&plotStyle=edged,https://www.tng-project.org/api/TNG50-1/snapshots/63/subhalos/314748/vis.png?partType=stars&partField=stellarComp-jwst_f200w-jwst_f115w-jwst_f070w&size=1&method=histo&rotation=face-on&plotStyle=edged,108.02636071177848,[24706.02677249 25447.5233298  10342.02262995],[ 48.38428229 -66.3462447  -78.8250504 ],[-433861.40678132 -425874.58940356 -140919.57219112],103.32453291848398,10.851552444541497,[24655.05060824 25476.45902366 10321.73919107],[ 133.18912098 -111.83341415 -177.93559198],[ -967.87348873 -3777.55134403  3296.51653099],10.007006770366448,2.6082874674168863,[24704.08162644 25442.84170858 10364.91633863],[ 15.23082104  -5.84926286 -52.44341676],[ -594.82916721 -1044.02230198  -516.02669828],1.4442016135242872,1.9043706677604744,[24655.27289499 25476.35817709 10321.80206245],[ 133.04032994 -109.0441079  -178.36445445],[ -63.74432595 -983.86424334 1218.45664393],4.832051501078706
67000000350284,67,14.88273452617472,67000000350284,67000000350291,28.021235,0.7304487,[12290.1045 21219.482  21532.25  ],[12310.025 21241.025 21530.24 ],[-95.3405  188.69861  73.1825 ],[-90.15682 236.10074  79.64455],[ 251.5432  367.173  1390.6599],[-47.819103  24.844055 -15.800313],52.53116,2.7380683,https://www.tng-project.org/api/TNG50-1/snapshots/67/subhalos/350284/vis.png?partType=stars&partField=stellarComp-jwst_f200w-jwst_f115w-jwst_f070w&size=1&method=histo&nPixels=256%2C256&axes=0%2C1&plotStyle=edged,https://www.tng-project.org/api/TNG50-1/snapshots/67/subhalos/350284/vis.png?partType=stars&partField=stellarComp-jwst_f200w-jwst_f115w-jwst_f070w&size=1&method=histo&rotation=face-on&plotStyle=edged,https://www.tng-project.org/api/TNG50-1/snapshots/67/subhalos/350291/vis.png?partType=stars&partField=stellarComp-jwst_f200w-jwst_f115w-jwst_f070w&size=1&method=histo&rotation=face-on&plotStyle=edged,25.539857990356264,[12308.68781187 21232.98801762 21510.64547093],[-98.54953257 182.00243798  73.58388963],[14666.16121712 13485.66326495 55888.57905575],61.41708282461345,3.211824476033613,[12312.27003276 21233.67045458 21530.69251529],[-68.64396929 252.72575035  71.46040165],[-637.47694479  334.48873224 2005.97349292],14.17337195936058,0.4647032233502273,[12290.48255777 21219.92919512 21532.22815344],[-78.152553   151.19381177  81.81288756],[-23.16093033 -76.6613723  124.45920282],2.2006757410791145,0.1773160859074209,[12310.29061842 21240.99100036 21529.59914475],[-88.35499482 238.95322313  77.44814643],[-35.12067449  14.62397799 -11.15045938],3.2649262211076766
67000000350284,66,16.478933408673367,66000000347835,66000000347841,19.838306,0.6708445,[12306.229 21198.904 21517.396],[12320.046 21196.463 21517.74 ],[-90.04254 178.54933  85.03489],[ -5.2337856 308.0247     71.179695 ],[-123.26173    11.656785 1162.5     ],[-55.66436   35.653248 -14.006958],32.435062,2.14677,https://www.tng-project.org/api/TNG50-1/snapshots/66/subhalos/347835/vis.png?partType=stars&partField=stellarComp-jwst_f200w-jwst_f115w-jwst_f070w&size=1&method=histo&nPixels=256%2C256&axes=0%2C1&plotStyle=edged,https://www.tng-project.org/api/TNG50-1/snapshots/66/subhalos/347835/vis.png?partType=stars&partField=stellarComp-jwst_f200w-jwst_f115w-jwst_f070w&size=1&method=histo&rotation=face-on&plotStyle=edged,https://www.tng-project.org/api/TNG50-1/snapshots/66/subhalos/347841/vis.png?partType=stars&partField=stellarComp-jwst_f200w-jwst_f115w-jwst_f070w&size=1&method=histo&rotation=face-on&plotStyle=edged,16.77022049388334,[12312.23556248 21204.62188384 21517.55058742],[-108.37872064  164.16353516   85.73050606],[-2633.10002017  -741.18841413 27689.54470321],36.76194525445982,3.738931181724392,[12318.89095698 21190.07174885 21519.45716498],[  7.41717798 266.30461004  79.42894012],[-779.85945431  384.73094682 1114.21026035],13.071213458342395,0.4491859273404088,[12306.09025778 21199.14625122 21517.64879789],[-131.58568287  107.93864316   98.96423296],[-13.9483116 -88.6553293  99.6920895],2.149703193596211,0.167058255820848,[12320.14781048 21196.23790282 21518.03699345],[ -3.24851315 302.01354137  64.21562864],[-36.49661412  20.98254206 -12.15212464],2.8635928527433765
67000000350284,65,11.261810539179198,65000000344146,65000000344152,19.08739,0.8995035,[12332.605 21176.297 21503.004],[12313.352 21156.367 21504.246],[-94.9456  184.48732  93.25247],[ 45.514946 187.99376   99.27019 ],[-168.5354    -18.350605 1180.7476  ],[-74.63476   47.167805 -42.012512],37.71323,3.8204994,https://www.tng-project.org/api/TNG50-1/snapshots/65/subhalos/344146/vis.png?partType=stars&partField=stellarComp-jwst_f200w-jwst_f115w-jwst_f070w&size=1&method=histo&nPixels=256%2C256&axes=0%2C1&plotStyle=edged,https://www.tng-project.org/api/TNG50-1/snapshots/65/subhalos/344146/vis.png?partType=stars&partField=stellarComp-jwst_f200w-jwst_f115w-jwst_f070w&size=1&method=histo&rotation=face-on&plotStyle=edged,https://www.tng-project.org/api/TNG50-1/snapshots/65/subhalos/344152/vis.png?partType=stars&partField=stellarComp-jwst_f200w-jwst_f115w-jwst_f070w&size=1&method=histo&rotation=face-on&plotStyle=edged,15.57384886228631,[12333.48890434 21176.386025   21505.09388879],[-123.19354147  185.45115305   90.50887656],[-2947.66905896 -1449.70685238 23831.58680492],38.88718194118137,4.413045440964292,[12312.81731923 21153.72124401 21504.29463732],[ 33.37255262 181.80064799 104.16132125],[-1135.54487977   415.10315376   351.43682726],16.3136485341011,0.4294879817815626,[12332.4632705  21176.30142036 21503.07257926],[-167.84221519  179.87271956   87.39582522],[  2.57582046 -82.35372516  76.86237652],2.0998002277010985,0.1561628758473716,[12313.05325046 21156.03628888 21504.44612333],[ 45.49839123 190.78279063 105.18299535],[-33.3702298   21.5716047  -22.46353031],3.899228022845676
67000000350284,64,16.794227154789432,64000000354837,64000000354841,18.062899,2.2277386,[12364.99  21133.672 21483.275],[12308.218 21120.705 21480.148],[-103.84484  195.15164  102.69291],[  5.565114 147.30975  113.74365 ],[-121.26703   -19.305325 1164.3241  ],[-99.82144   60.18287  -61.472557],48.533813,7.8707757,https://www.tng-project.org/api/TNG50-1/snapshots/64/subhalos/354837/vis.png?partType=stars&partField=stellarComp-jwst_f200w-jwst_f115w-jwst_f070w&size=1&method=histo&nPixels=256%2C256&axes=0%2C1&plotStyle=edged,https://www.tng-project.org/api/TNG50-1/snapshots/64/subhalos/354837/vis.png?partType=stars&partField=stellarComp-jwst_f200w-jwst_f115w-jwst_f070w&size=1&method=histo&rotation=face-on&plotStyle=edged,https://www.tng-project.org/api/TNG50-1/snapshots/64/subhalos/354841/vis.png?partType=stars&partField=stellarComp-jwst_f200w-jwst_f115w-jwst_f070w&size=1&method=histo&rotation=face-on&plotStyle=edged,15.49799034768464,[12364.18943919 21134.23375058 21484.95364201],[-121.01046487  203.78570713  100.58925311],[-1324.23292644 -1566.3730525  22251.5875277 ],43.71713173852288,4.792647615833037,[12308.85796596 21119.76048979 21480.4023789 ],[  2.52005749 144.99356403 114.63214814],[-1350.23784046   723.44180125  -661.37587886],18.05273085755552,0.4155685730689242,[12364.91497299 21133.65049121 21483.32581624],[-135.73931022  206.81273216   95.5885958 ],[  2.9844604  -79.73440031  65.19831845],2.0343588883152,0.1478425123687543,[12308.20707961 21120.62812312 21479.96274034],[  5.70399186 149.80777029 117.31769376],[-31.64202771  21.72368373 -20.75983074],3.808483478165508
67000000350284,63,11.953464660481815,63000000351013,63000000351017,16.009724,2.969908,[12385.975 21099.191 21466.814],[12309.191 21097.715 21459.887],[-108.13142   205.1669    107.612785],[-11.727299 138.30621  119.475685],[-113.04171   -77.419235 1017.3432  ],[-121.036865   80.154686  -73.0358  ],45.629856,10.548455,https://www.tng-project.org/api/TNG50-1/snapshots/63/subhalos/351013/vis.png?partType=stars&partField=stellarComp-jwst_f200w-jwst_f115w-jwst_f070w&size=1&method=histo&nPixels=256%2C256&axes=0%2C1&plotStyle=edged,https://www.tng-project.org/api/TNG50-1/snapshots/63/subhalos/351013/vis.png?partType=stars&partField=stellarComp-jwst_f200w-jwst_f115w-jwst_f070w&size=1&method=histo&rotation=face-on&plotStyle=edged,https://www.tng-project.org/api/TNG50-1/snapshots/63/subhalos/351017/vis.png?partType=stars&partField=stellarComp-jwst_f200w-jwst_f115w-jwst_f070w&size=1&method=histo&rotation=face-on&plotStyle=edged,14.23340188841536,[12388.61601482 21099.70091358 21470.6620879 ],[-119.61761161  213.18796047  105.87146652],[-1120.92237515 -2706.1391586  17596.82377114],40.26036316811391,4.746230459395838,[12310.47612605 21096.70577156 21461.62798775],[-13.36167888 139.27523291 120.2578939 ],[-1319.36133915   564.062782   -1141.51366659],17.44682566253479,0.4070639830025584,[12385.80351691 21099.13829856 21466.78059079],[-118.82854797  215.00433017  105.95783256],[  2.91841323 -77.60060481  59.27129805],2.0279993319486374,0.1430750334981212,[12308.77785739 21097.27762149 21460.20345456],[-14.19091188 140.48184528 123.67587178],[-30.3046572   21.30280469 -20.79884523],3.994289957532452
67000000385766,67,2.6116609748306265,67000000385766,67000000385768,73.74717,1.8820049,[12158.357 21851.684 17609.395],[12195.609 21832.418 17619.496],[-145.4635   158.23878  123.78179],[-219.64955  172.6327   101.7305 ],[1179.936   -228.28946 -261.89282],[ 56.38228 -37.46999  46.55459],93.54198,3.8624663,https://www.tng-project.org/api/TNG50-1/snapshots/67/subhalos/385766/vis.png?partType=stars&partField=stellarComp-jwst_f200w-jwst_f115w-jwst_f070w&size=1&method=histo&nPixels=256%2C256&axes=0%2C1&plotStyle=edged,https://www.tng-project.org/api/TNG50-1/snapshots/67/subhalos/385766/vis.png?partType=stars&partField=stellarComp-jwst_f200w-jwst_f115w-jwst_f070w&size=1&method=histo&rotation=face-on&plotStyle=edged,https://www.tng-project.org/api/TNG50-1/snapshots/67/subhalos/385768/vis.png?partType=stars&partField=stellarComp-jwst_f200w-jwst_f115w-jwst_f070w&size=1&method=histo&rotation=face-on&plotStyle=edged,73.53262785276554,[12175.13643192 21836.14367904 17598.60479217],[-147.12179501  158.93624662  123.66241964],[130619.99478006 -26728.55693359 -29157.50425205],93.46524284680623,2.09654412011188,[12164.92143758 21848.3388898  17611.69286528],[-153.89607281  146.69738163  108.17370008],[   3.65523202 -162.4501261  -163.29800569],9.223251308252053,1.024403373428214,[12180.10207399 21840.49094192 17615.03256522],[-190.32501292  161.05857359  105.86818657],[  93.38038647 -156.43095704 -188.17183306],20.511449129449893,0.496258019729396,[12165.38518457 21848.10927609 17611.30222368],[-152.72509636  146.76608255  108.76271214],[-10.2104133  -31.35830835 -69.20521783],8.539120066981
67000000385766,66,3.112543314337494,66000000386134,66000000386136,70.60183,1.998521,[12183.033 21828.238 17592.203],[12228.949 21806.354 17601.455],[-143.00485  156.3308   123.73131],[-186.89294  147.23358  117.48264],[1144.5703  -269.73676 -229.47533],[ 61.660984 -30.731604  50.48015 ],90.457085,4.034587,https://www.tng-project.org/api/TNG50-1/snapshots/66/subhalos/386134/vis.png?partType=stars&partField=stellarComp-jwst_f200w-jwst_f115w-jwst_f070w&size=1&method=histo&nPixels=256%2C256&axes=0%2C1&plotStyle=edged,https://www.tng-project.org/api/TNG50-1/snapshots/66/subhalos/386134/vis.png?partType=stars&partField=stellarComp-jwst_f200w-jwst_f115w-jwst_f070w&size=1&method=histo&rotation=face-on&plotStyle=edged,https://www.tng-project.org/api/TNG50-1/snapshots/66/subhalos/386136/vis.png?partType=stars&partField=stellarComp-jwst_f200w-jwst_f115w-jwst_f070w&size=1&method=histo&rotation=face-on&plotStyle=edged,62.182338150156376,[12202.19883517 21807.0915902  17576.05584591],[-136.02636084  156.41930848  126.38873179],[128616.38524633 -20033.01550508 -36067.14192228],96.27857416614074,10.41800971176698,[12174.99844954 21830.41850519 17592.33945213],[-193.0768647   154.05738539  106.67114785],[-1000.98088209  2330.6767773  -1814.04259795],30.666879597537022,0.7771108185622779,[12221.66155897 21810.09117716 17599.02104034],[-184.11142154  149.7068262   112.81875087],[191.35649885 -78.661932    -7.46020593],9.831493358029698,0.7128393210584818,[12184.73937396 21826.74120678 17593.62257722],[-167.66623634  155.10147076  104.17534055],[ -48.67459207   30.21893112 -182.54633794],5.816123457720111
67000000385766,65,59.21289561110173,65000000382118,65000000382120,67.08044,2.0384579,[12256.909 21783.62  17581.86 ],[12211.58  21802.283 17575.428],[-140.06802  152.62283  124.10884],[-195.82672  170.39459  100.96671],[1132.3508  -305.4087  -216.66376],[ -9.398299  22.855742 -43.15094 ],82.29309,3.415854,https://www.tng-project.org/api/TNG50-1/snapshots/65/subhalos/382118/vis.png?partType=stars&partField=stellarComp-jwst_f200w-jwst_f115w-jwst_f070w&size=1&method=histo&nPixels=256%2C256&axes=0%2C1&plotStyle=edged,https://www.tng-project.org/api/TNG50-1/snapshots/65/subhalos/382118/vis.png?partType=stars&partField=stellarComp-jwst_f200w-jwst_f115w-jwst_f070w&size=1&method=histo&rotation=face-on&plotStyle=edged,https://www.tng-project.org/api/TNG50-1/snapshots/65/subhalos/382120/vis.png?partType=stars&partField=stellarComp-jwst_f200w-jwst_f115w-jwst_f070w&size=1&method=histo&rotation=face-on&plotStyle=edged,56.26012067147281,[12226.29591801 21781.07145181 17554.93117668],[-121.20577688  148.6853624   127.34512038],[126780.75670581 -12015.66997072 -40629.30475199],94.49175980288057,12.858774506005611,[12207.92159013 21805.65726016 17573.85525088],[-231.43397291  172.66747497  106.28074299],[ -561.16358657  3863.61805889 -4265.89895684],26.2600106583156,0.7254957721389133,[12253.26559879 21785.01022464 17580.44695558],[-159.05809114  139.2743175   122.99597112],[207.89963266 -22.99556598  41.17019874],5.738357514762917,0.7119129921062495,[12211.72059886 21801.64888104 17576.30034709],[-198.83661166  169.26106646  104.29109058],[ -34.31624766  110.97981263 -170.49807429],4.723454584944924
67000000385766,64,65.09659179570066,64000000376050,64000000376054,67.123344,0.53320026,[12260.187 21763.93  17552.986],[12282.394 21756.78  17554.512],[-138.6543   151.72891  125.876  ],[-56.405167 121.1299   126.28312 ],[1106.9854  -395.81934 -134.32089],[2.7673689e+01 1.0860088e-02 6.9088111e+00],76.591324,1.3328137,https://www.tng-project.org/api/TNG50-1/snapshots/64/subhalos/376050/vis.png?partType=stars&partField=stellarComp-jwst_f200w-jwst_f115w-jwst_f070w&size=1&method=histo&nPixels=256%2C256&axes=0%2C1&plotStyle=edged,https://www.tng-project.org/api/TNG50-1/snapshots/64/subhalos/376050/vis.png?partType=stars&partField=stellarComp-jwst_f200w-jwst_f115w-jwst_f070w&size=1&method=histo&rotation=face-on&plotStyle=edged,https://www.tng-project.org/api/TNG50-1/snapshots/64/subhalos/376054/vis.png?partType=stars&partField=stellarComp-jwst_f200w-jwst_f115w-jwst_f070w&size=1&method=histo&rotation=face-on&plotStyle=edged,53.82579615969707,[12249.07687315 21748.62180517 17526.14459524],[-97.9072452  137.55614289 132.99754076],[142759.43660721   2511.95744979 -58208.41183866],98.32965687122416,13.830747815957867,[12264.76945713 21765.09931517 17551.30280178],[-294.06075748  205.70611348   98.17643714],[  -76.35511927  4911.33974196 -4030.27648643],22.992981978380968,0.6647617196455826,[12280.09250618 21756.40699893 17554.47488855],[-63.76678177 115.7649405  121.98051533],[227.2247992  119.76299154 120.73740288],5.158910715016288,0.6892470437732641,[12261.83782649 21764.02266208 17552.49149938],[-281.08443477  179.19713159  121.00132104],[   1.61503098  215.86123238 -134.66846508],5.023385918599342
67000000385766,63,10.200552288408934,63000000373821,63000000373823,60.154457,3.131121,[12315.814 21729.883 17536.834],[12279.319 21746.828 17529.783],[-145.13765  158.85321  122.52014],[ -9.345936  44.87629  167.80768 ],[1065.7484   -587.6406     27.484781],[198.05893   13.55753   23.280754],87.07601,6.617885,https://www.tng-project.org/api/TNG50-1/snapshots/63/subhalos/373821/vis.png?partType=stars&partField=stellarComp-jwst_f200w-jwst_f115w-jwst_f070w&size=1&method=histo&nPixels=256%2C256&axes=0%2C1&plotStyle=edged,https://www.tng-project.org/api/TNG50-1/snapshots/63/subhalos/373821/vis.png?partType=stars&partField=stellarComp-jwst_f200w-jwst_f115w-jwst_f070w&size=1&method=histo&rotation=face-on&plotStyle=edged,https://www.tng-project.org/api/TNG50-1/snapshots/63/subhalos/373823/vis.png?partType=stars&partField=stellarComp-jwst_f200w-jwst_f115w-jwst_f070w&size=1&method=histo&rotation=face-on&plotStyle=edged,48.36658968092448,[12262.98848618 21727.09119919 17503.05856523],[-93.84991519 133.03036159 133.22322547],[145372.77925427  -4583.92568704 -57441.93984138],101.05384012728018,14.918987361822111,[12313.60052014 21729.57862509 17536.05125718],[-282.91055818  218.64866564   97.32600336],[  663.00434946  5957.13834725 -3922.66282611],31.13270384785673,0.6070625453258458,[12280.66408068 21745.84904792 17529.71350903],[-23.49475599  47.01789714 166.44817012],[243.27481942  95.48270114  25.58485949],3.9238898394392674,0.6929158057663471,[12314.31474166 21730.37566062 17536.52510117],[-289.73836201  216.5790102    94.38853371],[  28.80853425  260.27139999 -104.33601549],5.308931909842156
67000000386589,67,6.568337391806939,67000000386589,67000000386590,78.79768,5.8428583,[12505.67  25548.865 23321.646],[12440.456 25502.234 23320.861],[-209.2816    51.72763  -54.06015],[-165.89706  101.25004 -165.58566],[ 1648.8254 -2739.3647 -1239.8867],[  17.77201    24.050497 -115.056595],78.76158,8.158564,https://www.tng-project.org/api/TNG50-1/snapshots/67/subhalos/386589/vis.png?partType=stars&partField=stellarComp-jwst_f200w-jwst_f115w-jwst_f070w&size=1&method=histo&nPixels=256%2C256&axes=0%2C1&plotStyle=edged,https://www.tng-project.org/api/TNG50-1/snapshots/67/subhalos/386589/vis.png?partType=stars&partField=stellarComp-jwst_f200w-jwst_f115w-jwst_f070w&size=1&method=histo&rotation=face-on&plotStyle=edged,https://www.tng-project.org/api/TNG50-1/snapshots/67/subhalos/386590/vis.png?partType=stars&partField=stellarComp-jwst_f200w-jwst_f115w-jwst_f070w&size=1&method=histo&rotation=face-on&plotStyle=edged,78.8721650617819,[12481.37429964 25536.79483336 23323.11260955],[-209.14315581   51.87396167  -54.12022891],[ 195441.23105888 -324611.86996839 -146900.73800682],75.56983857098842,5.768376231420938,[12440.46598302 25502.28759032 23321.33588531],[-167.22988177   99.8886661  -166.20420863],[  162.59606334   147.47019276 -1069.32843492],8.33716477043953,3.2765219881748635,[12503.06692388 25546.58570911 23321.87517566],[-222.53600133   32.21681028  -30.68405628],[ 3425.00695069 -4784.94601305 -3020.41254166],10.025259760669687,0.8809354505639249,[12440.47210176 25502.2694615  23321.00648877],[-170.39484856   98.20979349 -164.75108544],[  -8.10732021  187.131063   -351.78419649],3.4757756751339666
67000000386589,66,6.919617738486964,66000000384668,66000000384669,78.35141,6.4584227,[12540.884 25543.742 23326.08 ],[12470.502 25488.451 23348.164],[-203.26955    54.779858  -52.504444],[-197.5964    73.49901 -167.18372],[ 1652.3542 -2751.3225 -1175.0391],[  13.072857   39.59224  -122.579094],80.609634,9.323343,https://www.tng-project.org/api/TNG50-1/snapshots/66/subhalos/384668/vis.png?partType=stars&partField=stellarComp-jwst_f200w-jwst_f115w-jwst_f070w&size=1&method=histo&nPixels=256%2C256&axes=0%2C1&plotStyle=edged,https://www.tng-project.org/api/TNG50-1/snapshots/66/subhalos/384668/vis.png?partType=stars&partField=stellarComp-jwst_f200w-jwst_f115w-jwst_f070w&size=1&method=histo&rotation=face-on&plotStyle=edged,https://www.tng-project.org/api/TNG50-1/snapshots/66/subhalos/384669/vis.png?partType=stars&partField=stellarComp-jwst_f200w-jwst_f115w-jwst_f070w&size=1&method=histo&rotation=face-on&plotStyle=edged,78.6460379305542,[12515.18695237 25528.23912042 23333.45844004],[-203.21388328   54.82628416  -53.0254918 ],[ 198896.64642194 -329992.80950708 -140349.31356587],78.3874374581124,6.163798321887557,[12470.24648599 25488.43275337 23348.84641037],[-198.03552144   73.80138074 -166.01707317],[  475.8866929    -75.4246724  -1199.06152453],9.185559375743942,3.2447308937339585,[12537.67356789 25540.95503891 23326.83341256],[-204.06690453   37.95615829  -29.53744242],[ 3627.41113981 -4985.72708176 -2984.82694788],10.3191950301852,0.8664686760741631,[12470.55463921 25488.4861704  23348.23192618],[-198.82374062   71.33983973 -168.83042361],[ -23.69311605  176.86143058 -372.75907507],3.634182553521523
67000000386589,65,8.306468408581845,65000000379781,65000000379782,76.99986,6.9518843,[12572.087 25536.393 23330.137],[12505.104 25478.436 23374.744],[-196.26266    59.240765  -52.467907],[-224.91202   47.05305 -157.8264 ],[ 1624.7756 -2716.3494 -1132.1519],[  13.80689   41.74243 -127.30109],78.70246,10.223998,https://www.tng-project.org/api/TNG50-1/snapshots/65/subhalos/379781/vis.png?partType=stars&partField=stellarComp-jwst_f200w-jwst_f115w-jwst_f070w&size=1&method=histo&nPixels=256%2C256&axes=0%2C1&plotStyle=edged,https://www.tng-project.org/api/TNG50-1/snapshots/65/subhalos/379781/vis.png?partType=stars&partField=stellarComp-jwst_f200w-jwst_f115w-jwst_f070w&size=1&method=histo&rotation=face-on&plotStyle=edged,https://www.tng-project.org/api/TNG50-1/snapshots/65/subhalos/379782/vis.png?partType=stars&partField=stellarComp-jwst_f200w-jwst_f115w-jwst_f070w&size=1&method=histo&rotation=face-on&plotStyle=edged,77.25011820204082,[12548.69873371 25519.69885949 23341.93704529],[-196.35664579   58.96367772  -53.06057235],[ 195072.60823074 -324517.22961128 -134106.53948355],77.69331278795961,6.701629085208199,[12504.54611871 25478.28143208 23375.56809276],[-224.89854998   49.79194806 -154.92907689],[ 1220.94327275  -582.75808025 -1460.76645625],10.221634308787385,3.209100575295565,[12569.37118027 25534.09705043 23331.68646133],[-187.07179729   47.23844711  -31.57118875],[ 3903.10597557 -5125.53141533 -2900.9273526 ],10.51250392342242,0.8520689733671531,[12504.89682176 25478.43329832 23374.76260913],[-223.01248847   52.61105817 -156.80787195],[ -40.67195044  169.25251755 -389.93925927],3.949472493344407
67000000386589,64,12.922491719359003,64000000374695,64000000374696,74.259,7.288626,[12609.943 25524.045 23336.535],[12557.356 25471.068 23406.195],[-186.10597   66.70179  -55.32544],[-259.8717     11.859335 -131.79808 ],[ 1518.6588 -2563.0605 -1098.2329],[  15.293646   16.468384 -132.35933 ],72.94198,10.541255,https://www.tng-project.org/api/TNG50-1/snapshots/64/subhalos/374695/vis.png?partType=stars&partField=stellarComp-jwst_f200w-jwst_f115w-jwst_f070w&size=1&method=histo&nPixels=256%2C256&axes=0%2C1&plotStyle=edged,https://www.tng-project.org/api/TNG50-1/snapshots/64/subhalos/374695/vis.png?partType=stars&partField=stellarComp-jwst_f200w-jwst_f115w-jwst_f070w&size=1&method=histo&rotation=face-on&plotStyle=edged,https://www.tng-project.org/api/TNG50-1/snapshots/64/subhalos/374696/vis.png?partType=stars&partField=stellarComp-jwst_f200w-jwst_f115w-jwst_f070w&size=1&method=histo&rotation=face-on&plotStyle=edged,74.35683758733057,[12591.43372102 25507.64469839 23352.24743864],[-186.62611659   66.31981479  -55.35571098],[ 178431.11124045 -301584.50176879 -128485.1920923 ],72.73639918078973,7.190794032814313,[12556.6129823  25470.89846018 23406.39412106],[-255.4968004    15.0630639  -132.52547397],[  950.06295943  -353.4160431  -1856.33956873],10.807134778851488,3.1561849811578213,[12607.26248007 25522.13891187 23338.65934416],[-162.1314865    68.30270078  -35.98682424],[ 3979.37335424 -5375.73525139 -3164.83705951],10.7583055824312,0.8251648972834289,[12557.00204091 25470.9477164  23406.08269126],[-257.21998255   14.51872102 -129.35112719],[ -59.50485442  156.63554268 -408.55292786],4.227974809956827
67000000386589,63,6.434183148969698,63000000371738,63000000371739,75.61413,4.9254923,[12634.515 25511.05  23343.791],[12600.3   25470.104 23424.975],[-184.23508    68.05676   -61.330647],[-280.31778   -10.918181 -101.187126],[ 1553.1354 -2611.8054 -1061.2214],[ -12.088266   12.240026 -152.70256 ],71.14058,7.1114664,https://www.tng-project.org/api/TNG50-1/snapshots/63/subhalos/371738/vis.png?partType=stars&partField=stellarComp-jwst_f200w-jwst_f115w-jwst_f070w&size=1&method=histo&nPixels=256%2C256&axes=0%2C1&plotStyle=edged,https://www.tng-project.org/api/TNG50-1/snapshots/63/subhalos/371738/vis.png?partType=stars&partField=stellarComp-jwst_f200w-jwst_f115w-jwst_f070w&size=1&method=histo&rotation=face-on&plotStyle=edged,https://www.tng-project.org/api/TNG50-1/snapshots/63/subhalos/371739/vis.png?partType=stars&partField=stellarComp-jwst_f200w-jwst_f115w-jwst_f070w&size=1&method=histo&rotation=face-on&plotStyle=edged,73.70542477482819,[12621.23793011 25496.28803906 23361.68951153],[-181.84772636   70.23380982  -60.24411917],[ 173289.79481899 -300634.45217606 -126679.35436585],68.26407116039219,6.834192612994024,[12599.66871025 25470.23769562 23426.75140163],[-279.2301907   -12.34051497 -101.77373054],[ 1188.65958142  -921.49720394 -1868.60279522],10.307697012511587,3.1195991513447154,[12632.69269588 25509.85854277 23345.81007838],[-151.09799033   81.22582632  -49.79945278],[ 3630.2807267  -5396.87879096 -3404.17529089],10.657231224337869,0.8018741091815116,[12600.08402461 25470.14417832 23424.97082598],[-273.67362953   -8.33851036  -97.99340509],[ -75.79889789  146.25948018 -411.09291142],4.4312889004433735
67000000482532,67,2.656384783565779,67000000482532,67000000482534,26.241606,0.2784236,[18814.79    4445.0063  5355.8984],[18825.488  4439.622  5366.771],[237.7533    53.948387 -83.66973 ],[266.26456   12.181386 -75.25366 ],[ 733.1948   740.84924 -327.80655],[ -0.40601295 -11.937771     5.6154537 ],49.89746,1.3447278,https://www.tng-project.org/api/TNG50-1/snapshots/67/subhalos/482532/vis.png?partType=stars&partField=stellarComp-jwst_f200w-jwst_f115w-jwst_f070w&size=1&method=histo&nPixels=256%2C256&axes=0%2C1&plotStyle=edged,https://www.tng-project.org/api/TNG50-1/snapshots/67/subhalos/482532/vis.png?partType=stars&partField=stellarComp-jwst_f200w-jwst_f115w-jwst_f070w&size=1&method=histo&rotation=face-on&plotStyle=edged,https://www.tng-project.org/api/TNG50-1/snapshots/67/subhalos/482534/vis.png?partType=stars&partField=stellarComp-jwst_f200w-jwst_f115w-jwst_f070w&size=1&method=histo&rotation=face-on&plotStyle=edged,25.378858988592803,[18819.195034    4443.57119359  5347.10109992],[236.05396816  55.65366438 -84.04403033],[ 27955.05496021  28246.32992266 -12775.18662919],52.41965030845359,1.1411701470913371,[18824.79190263  4440.49281836  5367.62148655],[282.50153052   5.83378959 -73.29216689],[ 83.4518443  126.02527853 -27.86239284],5.5497182886397765,0.4521351295775844,[18815.85881113  4443.23385485  5354.42731125],[230.16706065  71.97781699 -90.27923026],[267.93302416 111.38357432  -9.2094191 ],6.634704530315672,0.1468395953372123,[18825.15902554  4439.9957301   5367.21574832],[277.29046255   8.0232934  -80.1560751 ],[ 2.08936007 10.49984017  4.54996274],3.348769542977168
67000000482532,66,3.064182187805136,66000000478513,66000000478515,26.255657,0.35933605,[18782.29   4432.918  5375.976],[18774.203   4436.434   5365.0576],[235.94322   52.007343 -85.20113 ],[280.23038   79.90432   58.631466],[ 742.56903  735.6279  -329.6599 ],[ 5.8994985 29.981665  24.133549 ],53.013588,1.9937701,https://www.tng-project.org/api/TNG50-1/snapshots/66/subhalos/478513/vis.png?partType=stars&partField=stellarComp-jwst_f200w-jwst_f115w-jwst_f070w&size=1&method=histo&nPixels=256%2C256&axes=0%2C1&plotStyle=edged,https://www.tng-project.org/api/TNG50-1/snapshots/66/subhalos/478513/vis.png?partType=stars&partField=stellarComp-jwst_f200w-jwst_f115w-jwst_f070w&size=1&method=histo&rotation=face-on&plotStyle=edged,https://www.tng-project.org/api/TNG50-1/snapshots/66/subhalos/478515/vis.png?partType=stars&partField=stellarComp-jwst_f200w-jwst_f115w-jwst_f070w&size=1&method=histo&rotation=face-on&plotStyle=edged,25.345542100034773,[18781.1685538   4434.41921271  5361.91219264],[234.30554658  51.03336248 -90.34787009],[ 29506.0273793   28233.32428386 -12992.05236784],55.141994495906175,1.269451223451778,[18773.83896294  4436.41801469  5364.88493686],[281.17689395  79.35023049  58.27107519],[ 31.90837735 133.1980032   77.15494355],5.5206495873087365,0.4285991241602005,[18781.9820639   4433.04316706  5375.32917968],[ 221.49986189   35.07738197 -148.42919901],[245.74452228  50.5900691  -29.71252482],5.397257103092475,0.1460381886784034,[18774.04526807  4436.49830579  5365.01566844],[282.15494388  79.65349106  62.39311319],[-0.92786533 14.66204567 17.93927268],3.055878799011476
67000000482532,65,2.358794217251813,65000000474534,65000000474536,25.36715,1.168757,[18744.412   4428.1245  5398.293 ],[18733.395  4422.834  5361.637],[235.18205   50.058727 -86.290825],[233.70676   82.39994   -9.019577],[ 760.90857  760.1915  -340.5722 ],[14.00615  57.710274 43.39231 ],57.764362,4.815191,https://www.tng-project.org/api/TNG50-1/snapshots/65/subhalos/474534/vis.png?partType=stars&partField=stellarComp-jwst_f200w-jwst_f115w-jwst_f070w&size=1&method=histo&nPixels=256%2C256&axes=0%2C1&plotStyle=edged,https://www.tng-project.org/api/TNG50-1/snapshots/65/subhalos/474534/vis.png?partType=stars&partField=stellarComp-jwst_f200w-jwst_f115w-jwst_f070w&size=1&method=histo&rotation=face-on&plotStyle=edged,https://www.tng-project.org/api/TNG50-1/snapshots/65/subhalos/474536/vis.png?partType=stars&partField=stellarComp-jwst_f200w-jwst_f115w-jwst_f070w&size=1&method=histo&rotation=face-on&plotStyle=edged,25.05857754780348,[18743.08158147  4426.15555678  5376.68494186],[235.24016964  49.70016016 -87.29965872],[ 29763.90104545  29465.96980323 -13274.11777326],56.58237697767116,1.4773293744522706,[18733.1628946   4422.85360583  5361.59070613],[233.02909674  81.72683978  -8.04747858],[ 43.35810647 160.91709941  96.90548169],6.1708168523695575,0.4149504435151243,[18744.2048457   4427.98430684  5396.52470671],[ 240.96776952   29.69420174 -114.94469883],[250.15748521  30.69659838 -37.9682051 ],5.926128915628695,0.1464005209950869,[18733.19281637  4422.88934576  5361.66066261],[234.23725311  81.81377557  -6.42294348],[ 5.78900332 17.04880432 16.74163638],3.279884438352465
67000000482532,64,2.654476410226109,64000000476119,64000000476120,24.494276,1.6469527,[18691.438   4422.277   5420.6816],[18685.086   4406.452   5367.8027],[234.42906  49.26564 -83.87209],[215.41635  70.76226 -49.49748],[ 734.355    741.21155 -362.98154],[21.071938 60.78932  47.36814 ],60.030983,6.355071,https://www.tng-project.org/api/TNG50-1/snapshots/64/subhalos/476119/vis.png?partType=stars&partField=stellarComp-jwst_f200w-jwst_f115w-jwst_f070w&size=1&method=histo&nPixels=256%2C256&axes=0%2C1&plotStyle=edged,https://www.tng-project.org/api/TNG50-1/snapshots/64/subhalos/476119/vis.png?partType=stars&partField=stellarComp-jwst_f200w-jwst_f115w-jwst_f070w&size=1&method=histo&rotation=face-on&plotStyle=edged,https://www.tng-project.org/api/TNG50-1/snapshots/64/subhalos/476120/vis.png?partType=stars&partField=stellarComp-jwst_f200w-jwst_f115w-jwst_f070w&size=1&method=histo&rotation=face-on&plotStyle=edged,24.445231882628708,[18691.26573303  4415.81198032  5396.58488923],[234.54647032  49.23205648 -83.90262581],[ 28308.95134614  28500.90586902 -13976.469902  ],55.84494497751636,1.6959973763477183,[18684.95196123  4406.54191363  5368.04333942],[214.27386007  70.62470252 -50.05139465],[ 65.04143653 168.05968904 121.76085404],6.807366021728567,0.402961044792903,[18691.42766132  4421.52821124  5419.19768295],[246.67402589  31.52344211 -95.83321421],[253.73682098  16.49055011 -42.58349688],5.80830305263301,0.1427531893666014,[18684.90549566  4406.53536679  5367.84792243],[213.98172487  73.26604262 -47.79838709],[ 9.85730485 14.83623421 17.25074433],3.4924848594990205
67000000482532,63,2.4949160238072263,63000000473786,63000000473787,23.97153,1.5976901,[18651.457   4417.059   5435.5723],[18651.826   4395.2725  5377.462 ],[233.95169   48.919704 -81.44783 ],[204.99612   61.306976 -74.618774],[ 725.8335   758.18695 -380.1785 ],[27.964792 54.30745  53.04693 ],58.336876,6.3812714,https://www.tng-project.org/api/TNG50-1/snapshots/63/subhalos/473786/vis.png?partType=stars&partField=stellarComp-jwst_f200w-jwst_f115w-jwst_f070w&size=1&method=histo&nPixels=256%2C256&axes=0%2C1&plotStyle=edged,https://www.tng-project.org/api/TNG50-1/snapshots/63/subhalos/473786/vis.png?partType=stars&partField=stellarComp-jwst_f200w-jwst_f115w-jwst_f070w&size=1&method=histo&rotation=face-on&plotStyle=edged,https://www.tng-project.org/api/TNG50-1/snapshots/63/subhalos/473787/vis.png?partType=stars&partField=stellarComp-jwst_f200w-jwst_f115w-jwst_f070w&size=1&method=histo&rotation=face-on&plotStyle=edged,23.942267170488204,[18652.4037894   4408.06009985  5410.3317327 ],[233.99973557  48.89461511 -81.3806477 ],[ 27771.98948856  28999.13974111 -14542.77532598],53.72202716550638,1.6269547335696004,[18650.97588508  4395.67506326  5378.00866619],[204.80982945  61.45337785 -75.73028877],[ 73.61719904 157.15520661 126.37308   ],6.797864592309666,0.3981097940141467,[18651.62514826  4416.26525567  5433.71353601],[244.15202354  31.5711081  -83.21135984],[257.42040021  14.21089817 -48.91971063],6.118762957693373,0.1367843723745636,[18651.27389485  4395.38299261  5377.79197606],[201.99109495  63.78477694 -74.83546079],[10.52042526 13.58077546 17.21497657],3.610194918616708
